"ID","Process ID","Process Name","Host Name","Kernel Name","Context","Stream","Block Size","Grid Size","Device","CC","Section Name","Metric Name","Metric Unit","Metric Value","Rule Name","Rule Type","Rule Description","Estimated Speedup Type","Estimated Speedup"
"0","26975","naive_sgemm","127.0.0.1","naive_sgemm_kernel(float *, float *, float *, int, int, int, float, float)","1","7","(32, 32, 1)","(128, 128, 1)","0","7.5","GPU Speed Of Light Throughput","DRAM Frequency","Ghz","5.00",
"0","26975","naive_sgemm","127.0.0.1","naive_sgemm_kernel(float *, float *, float *, int, int, int, float, float)","1","7","(32, 32, 1)","(128, 128, 1)","0","7.5","GPU Speed Of Light Throughput","SM Frequency","Mhz","585.00",
"0","26975","naive_sgemm","127.0.0.1","naive_sgemm_kernel(float *, float *, float *, int, int, int, float, float)","1","7","(32, 32, 1)","(128, 128, 1)","0","7.5","GPU Speed Of Light Throughput","Elapsed Cycles","cycle","249713067",
"0","26975","naive_sgemm","127.0.0.1","naive_sgemm_kernel(float *, float *, float *, int, int, int, float, float)","1","7","(32, 32, 1)","(128, 128, 1)","0","7.5","GPU Speed Of Light Throughput","Memory Throughput","%","86.01",
"0","26975","naive_sgemm","127.0.0.1","naive_sgemm_kernel(float *, float *, float *, int, int, int, float, float)","1","7","(32, 32, 1)","(128, 128, 1)","0","7.5","GPU Speed Of Light Throughput","DRAM Throughput","%","9.81",
"0","26975","naive_sgemm","127.0.0.1","naive_sgemm_kernel(float *, float *, float *, int, int, int, float, float)","1","7","(32, 32, 1)","(128, 128, 1)","0","7.5","GPU Speed Of Light Throughput","Duration","ms","426.86",
"0","26975","naive_sgemm","127.0.0.1","naive_sgemm_kernel(float *, float *, float *, int, int, int, float, float)","1","7","(32, 32, 1)","(128, 128, 1)","0","7.5","GPU Speed Of Light Throughput","L1/TEX Cache Throughput","%","86.16",
"0","26975","naive_sgemm","127.0.0.1","naive_sgemm_kernel(float *, float *, float *, int, int, int, float, float)","1","7","(32, 32, 1)","(128, 128, 1)","0","7.5","GPU Speed Of Light Throughput","L2 Cache Throughput","%","4.81",
"0","26975","naive_sgemm","127.0.0.1","naive_sgemm_kernel(float *, float *, float *, int, int, int, float, float)","1","7","(32, 32, 1)","(128, 128, 1)","0","7.5","GPU Speed Of Light Throughput","SM Active Cycles","cycle","249376932.35",
"0","26975","naive_sgemm","127.0.0.1","naive_sgemm_kernel(float *, float *, float *, int, int, int, float, float)","1","7","(32, 32, 1)","(128, 128, 1)","0","7.5","GPU Speed Of Light Throughput","Compute (SM) Throughput","%","86.01",
"0","26975","naive_sgemm","127.0.0.1","naive_sgemm_kernel(float *, float *, float *, int, int, int, float, float)","1","7","(32, 32, 1)","(128, 128, 1)","0","7.5","SpeedOfLight","","","","SOLBottleneck","INF","This workload is utilizing greater than 80.0% of the available compute or memory performance of the device. To further improve performance, work will likely need to be shifted from the most utilized to another unit. Start by analyzing workloads in the Compute Workload Analysis section.","",""
"0","26975","naive_sgemm","127.0.0.1","naive_sgemm_kernel(float *, float *, float *, int, int, int, float, float)","1","7","(32, 32, 1)","(128, 128, 1)","0","7.5","SpeedOfLight_RooflineChart","","","","SOLFPRoofline","INF","The ratio of peak float (FP32) to double (FP64) performance on this device is 32:1. The workload achieved 11% of this device's FP32 peak performance and 0% of its FP64 peak performance. See the Profiling Guide (https://docs.nvidia.com/nsight-compute/ProfilingGuide/index.html#roofline) for more details on roofline analysis.","",""
"0","26975","naive_sgemm","127.0.0.1","naive_sgemm_kernel(float *, float *, float *, int, int, int, float, float)","1","7","(32, 32, 1)","(128, 128, 1)","0","7.5","PM Sampling","Maximum Buffer Size","Mbyte","8.32",
"0","26975","naive_sgemm","127.0.0.1","naive_sgemm_kernel(float *, float *, float *, int, int, int, float, float)","1","7","(32, 32, 1)","(128, 128, 1)","0","7.5","PM Sampling","Maximum Sampling Interval","cycle","160000",
"0","26975","naive_sgemm","127.0.0.1","naive_sgemm_kernel(float *, float *, float *, int, int, int, float, float)","1","7","(32, 32, 1)","(128, 128, 1)","0","7.5","PM Sampling","# Pass Groups","","1",
"0","26975","naive_sgemm","127.0.0.1","naive_sgemm_kernel(float *, float *, float *, int, int, int, float, float)","1","7","(32, 32, 1)","(128, 128, 1)","0","7.5","Compute Workload Analysis","Executed Ipc Active","inst/cycle","1.00",
"0","26975","naive_sgemm","127.0.0.1","naive_sgemm_kernel(float *, float *, float *, int, int, int, float, float)","1","7","(32, 32, 1)","(128, 128, 1)","0","7.5","Compute Workload Analysis","Executed Ipc Elapsed","inst/cycle","1.00",
"0","26975","naive_sgemm","127.0.0.1","naive_sgemm_kernel(float *, float *, float *, int, int, int, float, float)","1","7","(32, 32, 1)","(128, 128, 1)","0","7.5","Compute Workload Analysis","Issue Slots Busy","%","24.91",
"0","26975","naive_sgemm","127.0.0.1","naive_sgemm_kernel(float *, float *, float *, int, int, int, float, float)","1","7","(32, 32, 1)","(128, 128, 1)","0","7.5","Compute Workload Analysis","Issued Ipc Active","inst/cycle","1.00",
"0","26975","naive_sgemm","127.0.0.1","naive_sgemm_kernel(float *, float *, float *, int, int, int, float, float)","1","7","(32, 32, 1)","(128, 128, 1)","0","7.5","Compute Workload Analysis","SM Busy","%","28.68",
"0","26975","naive_sgemm","127.0.0.1","naive_sgemm_kernel(float *, float *, float *, int, int, int, float, float)","1","7","(32, 32, 1)","(128, 128, 1)","0","7.5","ComputeWorkloadAnalysis","","","","HighPipeUtilization","INF","FMA is the highest-utilized pipeline (22.2%) based on elapsed cycles in the workload, taking into account the rates of its different instructions. It executes 32-bit floating point (FADD, FMUL, FMAD, ...) and integer (IMUL, IMAD) operations. It is well-utilized, but should not be a bottleneck.","",""
"0","26975","naive_sgemm","127.0.0.1","naive_sgemm_kernel(float *, float *, float *, int, int, int, float, float)","1","7","(32, 32, 1)","(128, 128, 1)","0","7.5","Memory Workload Analysis","Local Memory Spilling Requests","","0",
"0","26975","naive_sgemm","127.0.0.1","naive_sgemm_kernel(float *, float *, float *, int, int, int, float, float)","1","7","(32, 32, 1)","(128, 128, 1)","0","7.5","Memory Workload Analysis","Local Memory Spilling Request Overhead","%","0",
"0","26975","naive_sgemm","127.0.0.1","naive_sgemm_kernel(float *, float *, float *, int, int, int, float, float)","1","7","(32, 32, 1)","(128, 128, 1)","0","7.5","Memory Workload Analysis","Memory Throughput","Gbyte/s","31.36",
"0","26975","naive_sgemm","127.0.0.1","naive_sgemm_kernel(float *, float *, float *, int, int, int, float, float)","1","7","(32, 32, 1)","(128, 128, 1)","0","7.5","Memory Workload Analysis","Mem Busy","%","43.01",
"0","26975","naive_sgemm","127.0.0.1","naive_sgemm_kernel(float *, float *, float *, int, int, int, float, float)","1","7","(32, 32, 1)","(128, 128, 1)","0","7.5","Memory Workload Analysis","Max Bandwidth","%","86.01",
"0","26975","naive_sgemm","127.0.0.1","naive_sgemm_kernel(float *, float *, float *, int, int, int, float, float)","1","7","(32, 32, 1)","(128, 128, 1)","0","7.5","Memory Workload Analysis","L1/TEX Hit Rate","%","94.79",
"0","26975","naive_sgemm","127.0.0.1","naive_sgemm_kernel(float *, float *, float *, int, int, int, float, float)","1","7","(32, 32, 1)","(128, 128, 1)","0","7.5","Memory Workload Analysis","L2 Hit Rate","%","51.38",
"0","26975","naive_sgemm","127.0.0.1","naive_sgemm_kernel(float *, float *, float *, int, int, int, float, float)","1","7","(32, 32, 1)","(128, 128, 1)","0","7.5","Memory Workload Analysis","Mem Pipes Busy","%","86.01",
"0","26975","naive_sgemm","127.0.0.1","naive_sgemm_kernel(float *, float *, float *, int, int, int, float, float)","1","7","(32, 32, 1)","(128, 128, 1)","0","7.5","MemoryWorkloadAnalysis_Tables","","","","MemoryCacheAccessPattern","OPT","The memory access pattern for global loads from L1TEX might not be optimal. On average, only 26.4 of the 32 bytes transmitted per sector are utilized by each thread. This could possibly be caused by a stride between threads. Check the Source Counters section for uncoalesced global loads.","global","15.05"
"0","26975","naive_sgemm","127.0.0.1","naive_sgemm_kernel(float *, float *, float *, int, int, int, float, float)","1","7","(32, 32, 1)","(128, 128, 1)","0","7.5","Scheduler Statistics","One or More Eligible","%","24.97",
"0","26975","naive_sgemm","127.0.0.1","naive_sgemm_kernel(float *, float *, float *, int, int, int, float, float)","1","7","(32, 32, 1)","(128, 128, 1)","0","7.5","Scheduler Statistics","Issued Warp Per Scheduler","","0.25",
"0","26975","naive_sgemm","127.0.0.1","naive_sgemm_kernel(float *, float *, float *, int, int, int, float, float)","1","7","(32, 32, 1)","(128, 128, 1)","0","7.5","Scheduler Statistics","No Eligible","%","75.03",
"0","26975","naive_sgemm","127.0.0.1","naive_sgemm_kernel(float *, float *, float *, int, int, int, float, float)","1","7","(32, 32, 1)","(128, 128, 1)","0","7.5","Scheduler Statistics","Active Warps Per Scheduler","warp","7.89",
"0","26975","naive_sgemm","127.0.0.1","naive_sgemm_kernel(float *, float *, float *, int, int, int, float, float)","1","7","(32, 32, 1)","(128, 128, 1)","0","7.5","Scheduler Statistics","Eligible Warps Per Scheduler","warp","1.03",
"0","26975","naive_sgemm","127.0.0.1","naive_sgemm_kernel(float *, float *, float *, int, int, int, float, float)","1","7","(32, 32, 1)","(128, 128, 1)","0","7.5","SchedulerStats","","","","IssueSlotUtilization","OPT","Every scheduler is capable of issuing one instruction per cycle, but for this workload each scheduler only issues an instruction every 4.0 cycles. This might leave hardware resources underutilized and may lead to less optimal performance. Out of the maximum of 8 warps per scheduler, this workload allocates an average of 7.89 active warps per scheduler, but only an average of 1.03 warps were eligible per cycle. Eligible warps are the subset of active warps that are ready to issue their next instruction. Every cycle with no eligible warp results in no instruction being issued and the issue slot remains unused. To increase the number of eligible warps, avoid possible load imbalances due to highly different execution durations per warp. Reducing stalls indicated on the Warp State Statistics and Source Counters sections can help, too.","local","13.99"
"0","26975","naive_sgemm","127.0.0.1","naive_sgemm_kernel(float *, float *, float *, int, int, int, float, float)","1","7","(32, 32, 1)","(128, 128, 1)","0","7.5","Warp State Statistics","Warp Cycles Per Issued Instruction","cycle","31.60",
"0","26975","naive_sgemm","127.0.0.1","naive_sgemm_kernel(float *, float *, float *, int, int, int, float, float)","1","7","(32, 32, 1)","(128, 128, 1)","0","7.5","Warp State Statistics","Warp Cycles Per Executed Instruction","cycle","31.60",
"0","26975","naive_sgemm","127.0.0.1","naive_sgemm_kernel(float *, float *, float *, int, int, int, float, float)","1","7","(32, 32, 1)","(128, 128, 1)","0","7.5","Warp State Statistics","Avg. Active Threads Per Warp","","32",
"0","26975","naive_sgemm","127.0.0.1","naive_sgemm_kernel(float *, float *, float *, int, int, int, float, float)","1","7","(32, 32, 1)","(128, 128, 1)","0","7.5","Warp State Statistics","Avg. Not Predicated Off Threads Per Warp","","31.99",
"0","26975","naive_sgemm","127.0.0.1","naive_sgemm_kernel(float *, float *, float *, int, int, int, float, float)","1","7","(32, 32, 1)","(128, 128, 1)","0","7.5","WarpStateStats","","","","CPIStall","OPT","On average, each warp of this workload spends 24.0 cycles being stalled waiting for the L1 instruction queue for local and global (LG) memory operations to be not full. Typically, this stall occurs only when executing local or global memory instructions extremely frequently. Avoid redundant global memory accesses. Try to avoid using thread-local memory by checking if dynamically indexed arrays are declared in local scope, or if the kernel has excessive register pressure causing spills. If applicable, consider combining multiple lower-width memory operations into fewer wider memory operations and try interleaving memory operations and math instructions. This stall type represents about 76.1% of the total average of 31.6 cycles between issuing two instructions.","global","13.99"
"0","26975","naive_sgemm","127.0.0.1","naive_sgemm_kernel(float *, float *, float *, int, int, int, float, float)","1","7","(32, 32, 1)","(128, 128, 1)","0","7.5","WarpStateStats","","","","CPIStall","INF","Check the Warp Stall Sampling (All Samples) table for the top stall locations in your source based on sampling data. The Profiling Guide (https://docs.nvidia.com/nsight-compute/ProfilingGuide/index.html#metrics-reference) provides more details on each stall reason.","",""
"0","26975","naive_sgemm","127.0.0.1","naive_sgemm_kernel(float *, float *, float *, int, int, int, float, float)","1","7","(32, 32, 1)","(128, 128, 1)","0","7.5","Instruction Statistics","Avg. Executed Instructions Per Scheduler","inst","62229708.80",
"0","26975","naive_sgemm","127.0.0.1","naive_sgemm_kernel(float *, float *, float *, int, int, int, float, float)","1","7","(32, 32, 1)","(128, 128, 1)","0","7.5","Instruction Statistics","Executed Instructions","inst","9956753408",
"0","26975","naive_sgemm","127.0.0.1","naive_sgemm_kernel(float *, float *, float *, int, int, int, float, float)","1","7","(32, 32, 1)","(128, 128, 1)","0","7.5","Instruction Statistics","Avg. Issued Instructions Per Scheduler","inst","62229741.30",
"0","26975","naive_sgemm","127.0.0.1","naive_sgemm_kernel(float *, float *, float *, int, int, int, float, float)","1","7","(32, 32, 1)","(128, 128, 1)","0","7.5","Instruction Statistics","Issued Instructions","inst","9956758608",
"0","26975","naive_sgemm","127.0.0.1","naive_sgemm_kernel(float *, float *, float *, int, int, int, float, float)","1","7","(32, 32, 1)","(128, 128, 1)","0","7.5","Launch Statistics","Block Size","","1024",
"0","26975","naive_sgemm","127.0.0.1","naive_sgemm_kernel(float *, float *, float *, int, int, int, float, float)","1","7","(32, 32, 1)","(128, 128, 1)","0","7.5","Launch Statistics","Function Cache Configuration","","CachePreferNone",
"0","26975","naive_sgemm","127.0.0.1","naive_sgemm_kernel(float *, float *, float *, int, int, int, float, float)","1","7","(32, 32, 1)","(128, 128, 1)","0","7.5","Launch Statistics","Grid Size","","16384",
"0","26975","naive_sgemm","127.0.0.1","naive_sgemm_kernel(float *, float *, float *, int, int, int, float, float)","1","7","(32, 32, 1)","(128, 128, 1)","0","7.5","Launch Statistics","Registers Per Thread","register/thread","52",
"0","26975","naive_sgemm","127.0.0.1","naive_sgemm_kernel(float *, float *, float *, int, int, int, float, float)","1","7","(32, 32, 1)","(128, 128, 1)","0","7.5","Launch Statistics","Shared Memory Configuration Size","Kbyte","32.77",
"0","26975","naive_sgemm","127.0.0.1","naive_sgemm_kernel(float *, float *, float *, int, int, int, float, float)","1","7","(32, 32, 1)","(128, 128, 1)","0","7.5","Launch Statistics","Driver Shared Memory Per Block","byte/block","0",
"0","26975","naive_sgemm","127.0.0.1","naive_sgemm_kernel(float *, float *, float *, int, int, int, float, float)","1","7","(32, 32, 1)","(128, 128, 1)","0","7.5","Launch Statistics","Dynamic Shared Memory Per Block","byte/block","0",
"0","26975","naive_sgemm","127.0.0.1","naive_sgemm_kernel(float *, float *, float *, int, int, int, float, float)","1","7","(32, 32, 1)","(128, 128, 1)","0","7.5","Launch Statistics","Static Shared Memory Per Block","byte/block","0",
"0","26975","naive_sgemm","127.0.0.1","naive_sgemm_kernel(float *, float *, float *, int, int, int, float, float)","1","7","(32, 32, 1)","(128, 128, 1)","0","7.5","Launch Statistics","# SMs","SM","40",
"0","26975","naive_sgemm","127.0.0.1","naive_sgemm_kernel(float *, float *, float *, int, int, int, float, float)","1","7","(32, 32, 1)","(128, 128, 1)","0","7.5","Launch Statistics","Stack Size","","1024",
"0","26975","naive_sgemm","127.0.0.1","naive_sgemm_kernel(float *, float *, float *, int, int, int, float, float)","1","7","(32, 32, 1)","(128, 128, 1)","0","7.5","Launch Statistics","Threads","thread","16777216",
"0","26975","naive_sgemm","127.0.0.1","naive_sgemm_kernel(float *, float *, float *, int, int, int, float, float)","1","7","(32, 32, 1)","(128, 128, 1)","0","7.5","Launch Statistics","# TPCs","","20",
"0","26975","naive_sgemm","127.0.0.1","naive_sgemm_kernel(float *, float *, float *, int, int, int, float, float)","1","7","(32, 32, 1)","(128, 128, 1)","0","7.5","Launch Statistics","Enabled TPC IDs","","all",
"0","26975","naive_sgemm","127.0.0.1","naive_sgemm_kernel(float *, float *, float *, int, int, int, float, float)","1","7","(32, 32, 1)","(128, 128, 1)","0","7.5","Launch Statistics","Uses Green Context","","0",
"0","26975","naive_sgemm","127.0.0.1","naive_sgemm_kernel(float *, float *, float *, int, int, int, float, float)","1","7","(32, 32, 1)","(128, 128, 1)","0","7.5","Launch Statistics","Waves Per SM","","409.60",
"0","26975","naive_sgemm","127.0.0.1","naive_sgemm_kernel(float *, float *, float *, int, int, int, float, float)","1","7","(32, 32, 1)","(128, 128, 1)","0","7.5","Occupancy","Block Limit SM","block","16",
"0","26975","naive_sgemm","127.0.0.1","naive_sgemm_kernel(float *, float *, float *, int, int, int, float, float)","1","7","(32, 32, 1)","(128, 128, 1)","0","7.5","Occupancy","Block Limit Registers","block","1",
"0","26975","naive_sgemm","127.0.0.1","naive_sgemm_kernel(float *, float *, float *, int, int, int, float, float)","1","7","(32, 32, 1)","(128, 128, 1)","0","7.5","Occupancy","Block Limit Shared Mem","block","16",
"0","26975","naive_sgemm","127.0.0.1","naive_sgemm_kernel(float *, float *, float *, int, int, int, float, float)","1","7","(32, 32, 1)","(128, 128, 1)","0","7.5","Occupancy","Block Limit Warps","block","1",
"0","26975","naive_sgemm","127.0.0.1","naive_sgemm_kernel(float *, float *, float *, int, int, int, float, float)","1","7","(32, 32, 1)","(128, 128, 1)","0","7.5","Occupancy","Theoretical Active Warps per SM","warp","32",
"0","26975","naive_sgemm","127.0.0.1","naive_sgemm_kernel(float *, float *, float *, int, int, int, float, float)","1","7","(32, 32, 1)","(128, 128, 1)","0","7.5","Occupancy","Theoretical Occupancy","%","100",
"0","26975","naive_sgemm","127.0.0.1","naive_sgemm_kernel(float *, float *, float *, int, int, int, float, float)","1","7","(32, 32, 1)","(128, 128, 1)","0","7.5","Occupancy","Achieved Occupancy","%","98.58",
"0","26975","naive_sgemm","127.0.0.1","naive_sgemm_kernel(float *, float *, float *, int, int, int, float, float)","1","7","(32, 32, 1)","(128, 128, 1)","0","7.5","Occupancy","Achieved Active Warps Per SM","warp","31.54",
"0","26975","naive_sgemm","127.0.0.1","naive_sgemm_kernel(float *, float *, float *, int, int, int, float, float)","1","7","(32, 32, 1)","(128, 128, 1)","0","7.5","GPU and Memory Workload Distribution","Average DRAM Active Cycles","cycle","209133691",
"0","26975","naive_sgemm","127.0.0.1","naive_sgemm_kernel(float *, float *, float *, int, int, int, float, float)","1","7","(32, 32, 1)","(128, 128, 1)","0","7.5","GPU and Memory Workload Distribution","Total DRAM Elapsed Cycles","cycle","17061773312",
"0","26975","naive_sgemm","127.0.0.1","naive_sgemm_kernel(float *, float *, float *, int, int, int, float, float)","1","7","(32, 32, 1)","(128, 128, 1)","0","7.5","GPU and Memory Workload Distribution","Average L1 Active Cycles","cycle","249376932.35",
"0","26975","naive_sgemm","127.0.0.1","naive_sgemm_kernel(float *, float *, float *, int, int, int, float, float)","1","7","(32, 32, 1)","(128, 128, 1)","0","7.5","GPU and Memory Workload Distribution","Total L1 Elapsed Cycles","cycle","9991659176",
"0","26975","naive_sgemm","127.0.0.1","naive_sgemm_kernel(float *, float *, float *, int, int, int, float, float)","1","7","(32, 32, 1)","(128, 128, 1)","0","7.5","GPU and Memory Workload Distribution","Average L2 Active Cycles","cycle","315858220.53",
"0","26975","naive_sgemm","127.0.0.1","naive_sgemm_kernel(float *, float *, float *, int, int, int, float, float)","1","7","(32, 32, 1)","(128, 128, 1)","0","7.5","GPU and Memory Workload Distribution","Total L2 Elapsed Cycles","cycle","11678888000",
"0","26975","naive_sgemm","127.0.0.1","naive_sgemm_kernel(float *, float *, float *, int, int, int, float, float)","1","7","(32, 32, 1)","(128, 128, 1)","0","7.5","GPU and Memory Workload Distribution","Average SM Active Cycles","cycle","249376932.35",
"0","26975","naive_sgemm","127.0.0.1","naive_sgemm_kernel(float *, float *, float *, int, int, int, float, float)","1","7","(32, 32, 1)","(128, 128, 1)","0","7.5","GPU and Memory Workload Distribution","Total SM Elapsed Cycles","cycle","9991659176",
"0","26975","naive_sgemm","127.0.0.1","naive_sgemm_kernel(float *, float *, float *, int, int, int, float, float)","1","7","(32, 32, 1)","(128, 128, 1)","0","7.5","GPU and Memory Workload Distribution","Average SMSP Active Cycles","cycle","249251036.59",
"0","26975","naive_sgemm","127.0.0.1","naive_sgemm_kernel(float *, float *, float *, int, int, int, float, float)","1","7","(32, 32, 1)","(128, 128, 1)","0","7.5","GPU and Memory Workload Distribution","Total SMSP Elapsed Cycles","cycle","39966636704",
"0","26975","naive_sgemm","127.0.0.1","naive_sgemm_kernel(float *, float *, float *, int, int, int, float, float)","1","7","(32, 32, 1)","(128, 128, 1)","0","7.5","Source Counters","Branch Instructions Ratio","%","0.01",
"0","26975","naive_sgemm","127.0.0.1","naive_sgemm_kernel(float *, float *, float *, int, int, int, float, float)","1","7","(32, 32, 1)","(128, 128, 1)","0","7.5","Source Counters","Branch Instructions","inst","138936320",
"0","26975","naive_sgemm","127.0.0.1","naive_sgemm_kernel(float *, float *, float *, int, int, int, float, float)","1","7","(32, 32, 1)","(128, 128, 1)","0","7.5","Source Counters","Branch Efficiency","%","100",
"0","26975","naive_sgemm","127.0.0.1","naive_sgemm_kernel(float *, float *, float *, int, int, int, float, float)","1","7","(32, 32, 1)","(128, 128, 1)","0","7.5","Source Counters","Avg. Divergent Branches","branches","0",
"1","26975","naive_sgemm","127.0.0.1","naive_sgemm_kernel(float *, float *, float *, int, int, int, float, float)","1","7","(32, 32, 1)","(128, 128, 1)","0","7.5","GPU Speed Of Light Throughput","DRAM Frequency","Ghz","5.00",
"1","26975","naive_sgemm","127.0.0.1","naive_sgemm_kernel(float *, float *, float *, int, int, int, float, float)","1","7","(32, 32, 1)","(128, 128, 1)","0","7.5","GPU Speed Of Light Throughput","SM Frequency","Mhz","585.00",
"1","26975","naive_sgemm","127.0.0.1","naive_sgemm_kernel(float *, float *, float *, int, int, int, float, float)","1","7","(32, 32, 1)","(128, 128, 1)","0","7.5","GPU Speed Of Light Throughput","Elapsed Cycles","cycle","249759973",
"1","26975","naive_sgemm","127.0.0.1","naive_sgemm_kernel(float *, float *, float *, int, int, int, float, float)","1","7","(32, 32, 1)","(128, 128, 1)","0","7.5","GPU Speed Of Light Throughput","Memory Throughput","%","86.03",
"1","26975","naive_sgemm","127.0.0.1","naive_sgemm_kernel(float *, float *, float *, int, int, int, float, float)","1","7","(32, 32, 1)","(128, 128, 1)","0","7.5","GPU Speed Of Light Throughput","DRAM Throughput","%","9.80",
"1","26975","naive_sgemm","127.0.0.1","naive_sgemm_kernel(float *, float *, float *, int, int, int, float, float)","1","7","(32, 32, 1)","(128, 128, 1)","0","7.5","GPU Speed Of Light Throughput","Duration","ms","426.94",
"1","26975","naive_sgemm","127.0.0.1","naive_sgemm_kernel(float *, float *, float *, int, int, int, float, float)","1","7","(32, 32, 1)","(128, 128, 1)","0","7.5","GPU Speed Of Light Throughput","L1/TEX Cache Throughput","%","86.15",
"1","26975","naive_sgemm","127.0.0.1","naive_sgemm_kernel(float *, float *, float *, int, int, int, float, float)","1","7","(32, 32, 1)","(128, 128, 1)","0","7.5","GPU Speed Of Light Throughput","L2 Cache Throughput","%","4.81",
"1","26975","naive_sgemm","127.0.0.1","naive_sgemm_kernel(float *, float *, float *, int, int, int, float, float)","1","7","(32, 32, 1)","(128, 128, 1)","0","7.5","GPU Speed Of Light Throughput","SM Active Cycles","cycle","249380536.88",
"1","26975","naive_sgemm","127.0.0.1","naive_sgemm_kernel(float *, float *, float *, int, int, int, float, float)","1","7","(32, 32, 1)","(128, 128, 1)","0","7.5","GPU Speed Of Light Throughput","Compute (SM) Throughput","%","86.03",
"1","26975","naive_sgemm","127.0.0.1","naive_sgemm_kernel(float *, float *, float *, int, int, int, float, float)","1","7","(32, 32, 1)","(128, 128, 1)","0","7.5","SpeedOfLight","","","","SOLBottleneck","INF","This workload is utilizing greater than 80.0% of the available compute or memory performance of the device. To further improve performance, work will likely need to be shifted from the most utilized to another unit. Start by analyzing workloads in the Compute Workload Analysis section.","",""
"1","26975","naive_sgemm","127.0.0.1","naive_sgemm_kernel(float *, float *, float *, int, int, int, float, float)","1","7","(32, 32, 1)","(128, 128, 1)","0","7.5","SpeedOfLight_RooflineChart","","","","SOLFPRoofline","INF","The ratio of peak float (FP32) to double (FP64) performance on this device is 32:1. The workload achieved 11% of this device's FP32 peak performance and 0% of its FP64 peak performance. See the Profiling Guide (https://docs.nvidia.com/nsight-compute/ProfilingGuide/index.html#roofline) for more details on roofline analysis.","",""
"1","26975","naive_sgemm","127.0.0.1","naive_sgemm_kernel(float *, float *, float *, int, int, int, float, float)","1","7","(32, 32, 1)","(128, 128, 1)","0","7.5","PM Sampling","Maximum Buffer Size","Mbyte","8.32",
"1","26975","naive_sgemm","127.0.0.1","naive_sgemm_kernel(float *, float *, float *, int, int, int, float, float)","1","7","(32, 32, 1)","(128, 128, 1)","0","7.5","PM Sampling","Maximum Sampling Interval","cycle","160000",
"1","26975","naive_sgemm","127.0.0.1","naive_sgemm_kernel(float *, float *, float *, int, int, int, float, float)","1","7","(32, 32, 1)","(128, 128, 1)","0","7.5","PM Sampling","# Pass Groups","","1",
"1","26975","naive_sgemm","127.0.0.1","naive_sgemm_kernel(float *, float *, float *, int, int, int, float, float)","1","7","(32, 32, 1)","(128, 128, 1)","0","7.5","Compute Workload Analysis","Executed Ipc Active","inst/cycle","1.00",
"1","26975","naive_sgemm","127.0.0.1","naive_sgemm_kernel(float *, float *, float *, int, int, int, float, float)","1","7","(32, 32, 1)","(128, 128, 1)","0","7.5","Compute Workload Analysis","Executed Ipc Elapsed","inst/cycle","1.00",
"1","26975","naive_sgemm","127.0.0.1","naive_sgemm_kernel(float *, float *, float *, int, int, int, float, float)","1","7","(32, 32, 1)","(128, 128, 1)","0","7.5","Compute Workload Analysis","Issue Slots Busy","%","24.92",
"1","26975","naive_sgemm","127.0.0.1","naive_sgemm_kernel(float *, float *, float *, int, int, int, float, float)","1","7","(32, 32, 1)","(128, 128, 1)","0","7.5","Compute Workload Analysis","Issued Ipc Active","inst/cycle","1.00",
"1","26975","naive_sgemm","127.0.0.1","naive_sgemm_kernel(float *, float *, float *, int, int, int, float, float)","1","7","(32, 32, 1)","(128, 128, 1)","0","7.5","Compute Workload Analysis","SM Busy","%","28.68",
"1","26975","naive_sgemm","127.0.0.1","naive_sgemm_kernel(float *, float *, float *, int, int, int, float, float)","1","7","(32, 32, 1)","(128, 128, 1)","0","7.5","ComputeWorkloadAnalysis","","","","HighPipeUtilization","INF","FMA is the highest-utilized pipeline (22.2%) based on elapsed cycles in the workload, taking into account the rates of its different instructions. It executes 32-bit floating point (FADD, FMUL, FMAD, ...) and integer (IMUL, IMAD) operations. It is well-utilized, but should not be a bottleneck.","",""
"1","26975","naive_sgemm","127.0.0.1","naive_sgemm_kernel(float *, float *, float *, int, int, int, float, float)","1","7","(32, 32, 1)","(128, 128, 1)","0","7.5","Memory Workload Analysis","Local Memory Spilling Requests","","0",
"1","26975","naive_sgemm","127.0.0.1","naive_sgemm_kernel(float *, float *, float *, int, int, int, float, float)","1","7","(32, 32, 1)","(128, 128, 1)","0","7.5","Memory Workload Analysis","Local Memory Spilling Request Overhead","%","0",
"1","26975","naive_sgemm","127.0.0.1","naive_sgemm_kernel(float *, float *, float *, int, int, int, float, float)","1","7","(32, 32, 1)","(128, 128, 1)","0","7.5","Memory Workload Analysis","Memory Throughput","Gbyte/s","31.35",
"1","26975","naive_sgemm","127.0.0.1","naive_sgemm_kernel(float *, float *, float *, int, int, int, float, float)","1","7","(32, 32, 1)","(128, 128, 1)","0","7.5","Memory Workload Analysis","Mem Busy","%","43.02",
"1","26975","naive_sgemm","127.0.0.1","naive_sgemm_kernel(float *, float *, float *, int, int, int, float, float)","1","7","(32, 32, 1)","(128, 128, 1)","0","7.5","Memory Workload Analysis","Max Bandwidth","%","86.03",
"1","26975","naive_sgemm","127.0.0.1","naive_sgemm_kernel(float *, float *, float *, int, int, int, float, float)","1","7","(32, 32, 1)","(128, 128, 1)","0","7.5","Memory Workload Analysis","L1/TEX Hit Rate","%","94.79",
"1","26975","naive_sgemm","127.0.0.1","naive_sgemm_kernel(float *, float *, float *, int, int, int, float, float)","1","7","(32, 32, 1)","(128, 128, 1)","0","7.5","Memory Workload Analysis","L2 Hit Rate","%","51.42",
"1","26975","naive_sgemm","127.0.0.1","naive_sgemm_kernel(float *, float *, float *, int, int, int, float, float)","1","7","(32, 32, 1)","(128, 128, 1)","0","7.5","Memory Workload Analysis","Mem Pipes Busy","%","86.03",
"1","26975","naive_sgemm","127.0.0.1","naive_sgemm_kernel(float *, float *, float *, int, int, int, float, float)","1","7","(32, 32, 1)","(128, 128, 1)","0","7.5","MemoryWorkloadAnalysis_Tables","","","","MemoryCacheAccessPattern","OPT","The memory access pattern for global loads from L1TEX might not be optimal. On average, only 26.4 of the 32 bytes transmitted per sector are utilized by each thread. This could possibly be caused by a stride between threads. Check the Source Counters section for uncoalesced global loads.","global","15.05"
"1","26975","naive_sgemm","127.0.0.1","naive_sgemm_kernel(float *, float *, float *, int, int, int, float, float)","1","7","(32, 32, 1)","(128, 128, 1)","0","7.5","Scheduler Statistics","One or More Eligible","%","24.97",
"1","26975","naive_sgemm","127.0.0.1","naive_sgemm_kernel(float *, float *, float *, int, int, int, float, float)","1","7","(32, 32, 1)","(128, 128, 1)","0","7.5","Scheduler Statistics","Issued Warp Per Scheduler","","0.25",
"1","26975","naive_sgemm","127.0.0.1","naive_sgemm_kernel(float *, float *, float *, int, int, int, float, float)","1","7","(32, 32, 1)","(128, 128, 1)","0","7.5","Scheduler Statistics","No Eligible","%","75.03",
"1","26975","naive_sgemm","127.0.0.1","naive_sgemm_kernel(float *, float *, float *, int, int, int, float, float)","1","7","(32, 32, 1)","(128, 128, 1)","0","7.5","Scheduler Statistics","Active Warps Per Scheduler","warp","7.89",
"1","26975","naive_sgemm","127.0.0.1","naive_sgemm_kernel(float *, float *, float *, int, int, int, float, float)","1","7","(32, 32, 1)","(128, 128, 1)","0","7.5","Scheduler Statistics","Eligible Warps Per Scheduler","warp","1.03",
"1","26975","naive_sgemm","127.0.0.1","naive_sgemm_kernel(float *, float *, float *, int, int, int, float, float)","1","7","(32, 32, 1)","(128, 128, 1)","0","7.5","SchedulerStats","","","","IssueSlotUtilization","OPT","Every scheduler is capable of issuing one instruction per cycle, but for this workload each scheduler only issues an instruction every 4.0 cycles. This might leave hardware resources underutilized and may lead to less optimal performance. Out of the maximum of 8 warps per scheduler, this workload allocates an average of 7.89 active warps per scheduler, but only an average of 1.03 warps were eligible per cycle. Eligible warps are the subset of active warps that are ready to issue their next instruction. Every cycle with no eligible warp results in no instruction being issued and the issue slot remains unused. To increase the number of eligible warps, avoid possible load imbalances due to highly different execution durations per warp. Reducing stalls indicated on the Warp State Statistics and Source Counters sections can help, too.","local","13.97"
"1","26975","naive_sgemm","127.0.0.1","naive_sgemm_kernel(float *, float *, float *, int, int, int, float, float)","1","7","(32, 32, 1)","(128, 128, 1)","0","7.5","Warp State Statistics","Warp Cycles Per Issued Instruction","cycle","31.60",
"1","26975","naive_sgemm","127.0.0.1","naive_sgemm_kernel(float *, float *, float *, int, int, int, float, float)","1","7","(32, 32, 1)","(128, 128, 1)","0","7.5","Warp State Statistics","Warp Cycles Per Executed Instruction","cycle","31.60",
"1","26975","naive_sgemm","127.0.0.1","naive_sgemm_kernel(float *, float *, float *, int, int, int, float, float)","1","7","(32, 32, 1)","(128, 128, 1)","0","7.5","Warp State Statistics","Avg. Active Threads Per Warp","","32",
"1","26975","naive_sgemm","127.0.0.1","naive_sgemm_kernel(float *, float *, float *, int, int, int, float, float)","1","7","(32, 32, 1)","(128, 128, 1)","0","7.5","Warp State Statistics","Avg. Not Predicated Off Threads Per Warp","","31.99",
"1","26975","naive_sgemm","127.0.0.1","naive_sgemm_kernel(float *, float *, float *, int, int, int, float, float)","1","7","(32, 32, 1)","(128, 128, 1)","0","7.5","WarpStateStats","","","","CPIStall","OPT","On average, each warp of this workload spends 24.0 cycles being stalled waiting for the L1 instruction queue for local and global (LG) memory operations to be not full. Typically, this stall occurs only when executing local or global memory instructions extremely frequently. Avoid redundant global memory accesses. Try to avoid using thread-local memory by checking if dynamically indexed arrays are declared in local scope, or if the kernel has excessive register pressure causing spills. If applicable, consider combining multiple lower-width memory operations into fewer wider memory operations and try interleaving memory operations and math instructions. This stall type represents about 76.1% of the total average of 31.6 cycles between issuing two instructions.","global","13.97"
"1","26975","naive_sgemm","127.0.0.1","naive_sgemm_kernel(float *, float *, float *, int, int, int, float, float)","1","7","(32, 32, 1)","(128, 128, 1)","0","7.5","WarpStateStats","","","","CPIStall","INF","Check the Warp Stall Sampling (All Samples) table for the top stall locations in your source based on sampling data. The Profiling Guide (https://docs.nvidia.com/nsight-compute/ProfilingGuide/index.html#metrics-reference) provides more details on each stall reason.","",""
"1","26975","naive_sgemm","127.0.0.1","naive_sgemm_kernel(float *, float *, float *, int, int, int, float, float)","1","7","(32, 32, 1)","(128, 128, 1)","0","7.5","Instruction Statistics","Avg. Executed Instructions Per Scheduler","inst","62229708.80",
"1","26975","naive_sgemm","127.0.0.1","naive_sgemm_kernel(float *, float *, float *, int, int, int, float, float)","1","7","(32, 32, 1)","(128, 128, 1)","0","7.5","Instruction Statistics","Executed Instructions","inst","9956753408",
"1","26975","naive_sgemm","127.0.0.1","naive_sgemm_kernel(float *, float *, float *, int, int, int, float, float)","1","7","(32, 32, 1)","(128, 128, 1)","0","7.5","Instruction Statistics","Avg. Issued Instructions Per Scheduler","inst","62229741.29",
"1","26975","naive_sgemm","127.0.0.1","naive_sgemm_kernel(float *, float *, float *, int, int, int, float, float)","1","7","(32, 32, 1)","(128, 128, 1)","0","7.5","Instruction Statistics","Issued Instructions","inst","9956758606",
"1","26975","naive_sgemm","127.0.0.1","naive_sgemm_kernel(float *, float *, float *, int, int, int, float, float)","1","7","(32, 32, 1)","(128, 128, 1)","0","7.5","Launch Statistics","Block Size","","1024",
"1","26975","naive_sgemm","127.0.0.1","naive_sgemm_kernel(float *, float *, float *, int, int, int, float, float)","1","7","(32, 32, 1)","(128, 128, 1)","0","7.5","Launch Statistics","Function Cache Configuration","","CachePreferNone",
"1","26975","naive_sgemm","127.0.0.1","naive_sgemm_kernel(float *, float *, float *, int, int, int, float, float)","1","7","(32, 32, 1)","(128, 128, 1)","0","7.5","Launch Statistics","Grid Size","","16384",
"1","26975","naive_sgemm","127.0.0.1","naive_sgemm_kernel(float *, float *, float *, int, int, int, float, float)","1","7","(32, 32, 1)","(128, 128, 1)","0","7.5","Launch Statistics","Registers Per Thread","register/thread","52",
"1","26975","naive_sgemm","127.0.0.1","naive_sgemm_kernel(float *, float *, float *, int, int, int, float, float)","1","7","(32, 32, 1)","(128, 128, 1)","0","7.5","Launch Statistics","Shared Memory Configuration Size","Kbyte","32.77",
"1","26975","naive_sgemm","127.0.0.1","naive_sgemm_kernel(float *, float *, float *, int, int, int, float, float)","1","7","(32, 32, 1)","(128, 128, 1)","0","7.5","Launch Statistics","Driver Shared Memory Per Block","byte/block","0",
"1","26975","naive_sgemm","127.0.0.1","naive_sgemm_kernel(float *, float *, float *, int, int, int, float, float)","1","7","(32, 32, 1)","(128, 128, 1)","0","7.5","Launch Statistics","Dynamic Shared Memory Per Block","byte/block","0",
"1","26975","naive_sgemm","127.0.0.1","naive_sgemm_kernel(float *, float *, float *, int, int, int, float, float)","1","7","(32, 32, 1)","(128, 128, 1)","0","7.5","Launch Statistics","Static Shared Memory Per Block","byte/block","0",
"1","26975","naive_sgemm","127.0.0.1","naive_sgemm_kernel(float *, float *, float *, int, int, int, float, float)","1","7","(32, 32, 1)","(128, 128, 1)","0","7.5","Launch Statistics","# SMs","SM","40",
"1","26975","naive_sgemm","127.0.0.1","naive_sgemm_kernel(float *, float *, float *, int, int, int, float, float)","1","7","(32, 32, 1)","(128, 128, 1)","0","7.5","Launch Statistics","Stack Size","","1024",
"1","26975","naive_sgemm","127.0.0.1","naive_sgemm_kernel(float *, float *, float *, int, int, int, float, float)","1","7","(32, 32, 1)","(128, 128, 1)","0","7.5","Launch Statistics","Threads","thread","16777216",
"1","26975","naive_sgemm","127.0.0.1","naive_sgemm_kernel(float *, float *, float *, int, int, int, float, float)","1","7","(32, 32, 1)","(128, 128, 1)","0","7.5","Launch Statistics","# TPCs","","20",
"1","26975","naive_sgemm","127.0.0.1","naive_sgemm_kernel(float *, float *, float *, int, int, int, float, float)","1","7","(32, 32, 1)","(128, 128, 1)","0","7.5","Launch Statistics","Enabled TPC IDs","","all",
"1","26975","naive_sgemm","127.0.0.1","naive_sgemm_kernel(float *, float *, float *, int, int, int, float, float)","1","7","(32, 32, 1)","(128, 128, 1)","0","7.5","Launch Statistics","Uses Green Context","","0",
"1","26975","naive_sgemm","127.0.0.1","naive_sgemm_kernel(float *, float *, float *, int, int, int, float, float)","1","7","(32, 32, 1)","(128, 128, 1)","0","7.5","Launch Statistics","Waves Per SM","","409.60",
"1","26975","naive_sgemm","127.0.0.1","naive_sgemm_kernel(float *, float *, float *, int, int, int, float, float)","1","7","(32, 32, 1)","(128, 128, 1)","0","7.5","Occupancy","Block Limit SM","block","16",
"1","26975","naive_sgemm","127.0.0.1","naive_sgemm_kernel(float *, float *, float *, int, int, int, float, float)","1","7","(32, 32, 1)","(128, 128, 1)","0","7.5","Occupancy","Block Limit Registers","block","1",
"1","26975","naive_sgemm","127.0.0.1","naive_sgemm_kernel(float *, float *, float *, int, int, int, float, float)","1","7","(32, 32, 1)","(128, 128, 1)","0","7.5","Occupancy","Block Limit Shared Mem","block","16",
"1","26975","naive_sgemm","127.0.0.1","naive_sgemm_kernel(float *, float *, float *, int, int, int, float, float)","1","7","(32, 32, 1)","(128, 128, 1)","0","7.5","Occupancy","Block Limit Warps","block","1",
"1","26975","naive_sgemm","127.0.0.1","naive_sgemm_kernel(float *, float *, float *, int, int, int, float, float)","1","7","(32, 32, 1)","(128, 128, 1)","0","7.5","Occupancy","Theoretical Active Warps per SM","warp","32",
"1","26975","naive_sgemm","127.0.0.1","naive_sgemm_kernel(float *, float *, float *, int, int, int, float, float)","1","7","(32, 32, 1)","(128, 128, 1)","0","7.5","Occupancy","Theoretical Occupancy","%","100",
"1","26975","naive_sgemm","127.0.0.1","naive_sgemm_kernel(float *, float *, float *, int, int, int, float, float)","1","7","(32, 32, 1)","(128, 128, 1)","0","7.5","Occupancy","Achieved Occupancy","%","98.57",
"1","26975","naive_sgemm","127.0.0.1","naive_sgemm_kernel(float *, float *, float *, int, int, int, float, float)","1","7","(32, 32, 1)","(128, 128, 1)","0","7.5","Occupancy","Achieved Active Warps Per SM","warp","31.54",
"1","26975","naive_sgemm","127.0.0.1","naive_sgemm_kernel(float *, float *, float *, int, int, int, float, float)","1","7","(32, 32, 1)","(128, 128, 1)","0","7.5","GPU and Memory Workload Distribution","Average DRAM Active Cycles","cycle","209102432.50",
"1","26975","naive_sgemm","127.0.0.1","naive_sgemm_kernel(float *, float *, float *, int, int, int, float, float)","1","7","(32, 32, 1)","(128, 128, 1)","0","7.5","GPU and Memory Workload Distribution","Total DRAM Elapsed Cycles","cycle","17063563264",
"1","26975","naive_sgemm","127.0.0.1","naive_sgemm_kernel(float *, float *, float *, int, int, int, float, float)","1","7","(32, 32, 1)","(128, 128, 1)","0","7.5","GPU and Memory Workload Distribution","Average L1 Active Cycles","cycle","249380536.88",
"1","26975","naive_sgemm","127.0.0.1","naive_sgemm_kernel(float *, float *, float *, int, int, int, float, float)","1","7","(32, 32, 1)","(128, 128, 1)","0","7.5","GPU and Memory Workload Distribution","Total L1 Elapsed Cycles","cycle","9989939760",
"1","26975","naive_sgemm","127.0.0.1","naive_sgemm_kernel(float *, float *, float *, int, int, int, float, float)","1","7","(32, 32, 1)","(128, 128, 1)","0","7.5","GPU and Memory Workload Distribution","Average L2 Active Cycles","cycle","315844742.94",
"1","26975","naive_sgemm","127.0.0.1","naive_sgemm_kernel(float *, float *, float *, int, int, int, float, float)","1","7","(32, 32, 1)","(128, 128, 1)","0","7.5","GPU and Memory Workload Distribution","Total L2 Elapsed Cycles","cycle","11681081056",
"1","26975","naive_sgemm","127.0.0.1","naive_sgemm_kernel(float *, float *, float *, int, int, int, float, float)","1","7","(32, 32, 1)","(128, 128, 1)","0","7.5","GPU and Memory Workload Distribution","Average SM Active Cycles","cycle","249380536.88",
"1","26975","naive_sgemm","127.0.0.1","naive_sgemm_kernel(float *, float *, float *, int, int, int, float, float)","1","7","(32, 32, 1)","(128, 128, 1)","0","7.5","GPU and Memory Workload Distribution","Total SM Elapsed Cycles","cycle","9989939760",
"1","26975","naive_sgemm","127.0.0.1","naive_sgemm_kernel(float *, float *, float *, int, int, int, float, float)","1","7","(32, 32, 1)","(128, 128, 1)","0","7.5","GPU and Memory Workload Distribution","Average SMSP Active Cycles","cycle","249241039.36",
"1","26975","naive_sgemm","127.0.0.1","naive_sgemm_kernel(float *, float *, float *, int, int, int, float, float)","1","7","(32, 32, 1)","(128, 128, 1)","0","7.5","GPU and Memory Workload Distribution","Total SMSP Elapsed Cycles","cycle","39959759040",
"1","26975","naive_sgemm","127.0.0.1","naive_sgemm_kernel(float *, float *, float *, int, int, int, float, float)","1","7","(32, 32, 1)","(128, 128, 1)","0","7.5","Source Counters","Branch Instructions Ratio","%","0.01",
"1","26975","naive_sgemm","127.0.0.1","naive_sgemm_kernel(float *, float *, float *, int, int, int, float, float)","1","7","(32, 32, 1)","(128, 128, 1)","0","7.5","Source Counters","Branch Instructions","inst","138936320",
"1","26975","naive_sgemm","127.0.0.1","naive_sgemm_kernel(float *, float *, float *, int, int, int, float, float)","1","7","(32, 32, 1)","(128, 128, 1)","0","7.5","Source Counters","Branch Efficiency","%","100",
"1","26975","naive_sgemm","127.0.0.1","naive_sgemm_kernel(float *, float *, float *, int, int, int, float, float)","1","7","(32, 32, 1)","(128, 128, 1)","0","7.5","Source Counters","Avg. Divergent Branches","branches","0",
